[{
  "_id": {
    "$oid": "6666a45b3c00a75468acf590"
  },
  "announcement": "Dear All:\n\n    Library activities such as browsing books, borrowing books, and returning books in the library's book-holding area will be suspended on 20 June 2024 and 21 June 2024 to conduct library book stock verification. Access to the book-holding area could be restricted. I request cooperation from all of you in this matter.\n\nwith best wishes",
  "timestamp": "2024-06-10T06:59:39.021516"
},
{
  "_id": {
    "$oid": "6667dd2ab42fa67612d21595"
  },
  "announcement": "Dear All:\n\n   The earlier planned closing of library services on 20 June 2024 and 21 June 2024 stands postponed to avoid inconvenience to the students taking exams on the 13th, 14th, 15th and 16th of June 2024. Regular library services will not be disrupted until the end of these exams.",
  "timestamp": "2024-06-11T05:14:18.938875"
}]