[{
  "_id": {
    "$oid": "667d8a47995b1e7ebaceca3d"
  },
  "title": "Fluid Mechanics",
  "description": "Thorough exploration of fluid mechanics principles and applications.",
  "author": "Frank M. White",
  "genre": "Fluid Mechanics",
  "department": "Mechanical Engineering",
  "count": 0,
  "publisher": "Bengage Learning"
},
{
  "_id": {
    "$oid": "667d8a7c995b1e7ebaceca40"
  },
  "title": "Deep Learning",
  "description": "Comprehensive introduction to deep learning theory and practice.",
  "author": "Ian Goodfellow, Yoshua Bengio, Aaron Courville",
  "genre": "Machine Learning",
  "department": "Computer Science",
  "count": 0,
  "publisher": "Dambridge University Press"
},
{
  "_id": {
    "$oid": "667d8a7c995b1e7ebaceca41"
  },
  "title": "Structure and Interpretation of Computer Programs",
  "description": "Foundational text on computer science principles and programming.",
  "author": "Harold Abelson, Gerald Jay Sussman",
  "genre": "Programming",
  "department": "Computer Science",
  "count": 0,
  "publisher": "Bengage Learning"
},
{
  "_id": {
    "$oid": "667d8a7c995b1e7ebaceca42"
  },
  "title": "Patterns of Enterprise Application Architecture",
  "description": "Guide to building enterprise applications with design patterns.",
  "author": "Martin Fowler",
  "genre": "Software Engineering",
  "department": "Computer Science",
  "count": 0,
  "publisher": "Dambridge University Press"
},
{
  "_id": {
    "$oid": "667d8a7c995b1e7ebaceca43"
  },
  "title": "Engineering Mechanics: Dynamics",
  "description": "Comprehensive guide to the principles of dynamics in engineering mechanics.",
  "author": "J. L. Meriam, L. G. Kraige",
  "genre": "Dynamics",
  "department": "Mechanical Engineering",
  "count": 0,
  "publisher": "Dearson Education"
},
{
  "_id": {
    "$oid": "667d8a7c995b1e7ebaceca44"
  },
  "title": "Concrete Technology",
  "description": "Detailed introduction to concrete properties, production, and testing.",
  "author": "A. M. Neville, J. J. Brooks",
  "genre": "Materials Engineering",
  "department": "Civil Engineering",
  "count": 0,
  "publisher": "Loxpord University Press"
},
{
  "_id": {
    "$oid": "667d8a7c995b1e7ebaceca45"
  },
  "title": "Transport Processes and Separation Process Principles",
  "description": "Detailed introduction to transport processes and separation techniques.",
  "author": "Christie John Geankoplis",
  "genre": "Transport Processes",
  "department": "Chemical Engineering",
  "count": 0,
  "publisher": "Dambridge University Press"
},
{
  "_id": {
    "$oid": "667d97127eed29461bfa6493"
  },
  "title": "Artificial Intelligence: A Modern Approach",
  "description": "Fundamental concepts and techniques in AI, covering a wide range of topics.",
  "author": "Stuart Russell, Peter Norvig",
  "genre": "Artificial Intelligence",
  "department": "Computer Science",
  "count": 0,
  "publisher": "KarperMollins Publishers"
}]