[{
  "_id": {
    "$oid": "667045572a9262f26d914ba4"
  },
  "req": {
    "_id": {
      "$oid": "667045412a9262f26d914ba3"
    },
    "Name": "Prabhanshu Kumar Jha",
    "email": "220020045@iitdh.ac.in",
    "bookname": "The Feynman Lectures on Physics",
    "timestamp": "2024-06-17T14:16:33.658050"
  },
  "timestamp": "2024-06-17T14:16:55.929085"
},
{
  "_id": {
    "$oid": "667abba91c82b2212decf2aa"
  },
  "req": {
    "_id": {
      "$oid": "6670489d2a9262f26d914ba5"
    },
    "Name": "Prabhanshu Kumar Jha",
    "email": "220020045@iitdh.ac.in",
    "bookname": "Electrical Engineering: Principles and Applications",
    "timestamp": "2024-06-17T14:30:53.172331"
  },
  "timestamp": "2024-06-25T12:44:25.355298"
},
{
  "_id": {
    "$oid": "667abf241c82b2212decf2ad"
  },
  "req": {
    "_id": {
      "$oid": "667abf1c1c82b2212decf2ac"
    },
    "Name": "dummy",
    "email": "new",
    "bookname": "The Feynman Lectures on Physics",
    "timestamp": "2024-06-25T12:59:08.307124"
  },
  "timestamp": "2024-06-25T12:59:16.714222"
},
{
  "_id": {
    "$oid": "667abf251c82b2212decf2ae"
  },
  "req": {
    "_id": {
      "$oid": "667abf171c82b2212decf2ab"
    },
    "Name": "dummy",
    "email": "new",
    "bookname": "Electric Power Systems: A First Course",
    "timestamp": "2024-06-25T12:59:03.230724"
  },
  "timestamp": "2024-06-25T12:59:17.764574"
},
{
  "_id": {
    "$oid": "667bbde1257f7fe354082702"
  },
  "req": {
    "_id": {
      "$oid": "667aebd285caa8f8a795e4e2"
    },
    "Name": "Prabhanshu Kumar Jha",
    "email": "220020045@iitdh.ac.in",
    "bookname": "Digital Signal Processing: Principles, Algorithms, and Applications",
    "timestamp": "2024-06-25T16:09:54.117566"
  },
  "timestamp": "2024-06-26T07:06:09.753395"
},
{
  "_id": {
    "$oid": "667c4e087197bc2b1a035b8d"
  },
  "req": {
    "_id": {
      "$oid": "667c4dff7197bc2b1a035b8c"
    },
    "Name": "Samarth Chitnis",
    "email": "220010052@iitdh.ac.in",
    "bookname": "Computer Networks",
    "timestamp": "2024-06-26T17:21:03.066148"
  },
  "timestamp": "2024-06-26T17:21:12.290579"
},
{
  "_id": {
    "$oid": "667c4ee81ac09747aac960e8"
  },
  "req": {
    "_id": {
      "$oid": "667c4edb1ac09747aac960e7"
    },
    "Name": "Samarth Chitnis",
    "email": "220010052@iitdh.ac.in",
    "bookname": "Structure and Interpretation of Computer Programs",
    "timestamp": "2024-06-26T17:24:43.068509"
  },
  "timestamp": "2024-06-26T17:24:56.890107"
},
{
  "_id": {
    "$oid": "667d482bfd08f8652059ba76"
  },
  "req": {
    "_id": {
      "$oid": "667d4808fd08f8652059ba75"
    },
    "Name": "Samarth Chitnis",
    "email": "220010052@iitdh.ac.in",
    "bookname": "Introduction to the Theory of Computation",
    "timestamp": "2024-06-27T11:07:52.047073"
  },
  "timestamp": "2024-06-27T11:08:27.732612"
},
{
  "_id": {
    "$oid": "667d8d737eed29461bfa648f"
  },
  "req": {
    "_id": {
      "$oid": "667d8d657eed29461bfa648e"
    },
    "Name": "Prabhanshu Kumar Jha",
    "email": "220020045@iitdh.ac.in",
    "bookname": "Introduction to Catalysis and Industrial Catalytic Processes",
    "timestamp": "2024-06-27T16:03:49.997658"
  },
  "timestamp": "2024-06-27T16:04:03.045156"
},
{
  "_id": {
    "$oid": "667d9c1c45e97917500b3df5"
  },
  "req": {
    "_id": {
      "$oid": "667d9c1245e97917500b3df4"
    },
    "Name": "Samarth Chitnis",
    "email": "220010052@iitdh.ac.in",
    "bookname": "The Pragmatic Programmer: Your Journey to Mastery",
    "timestamp": "2024-06-27T17:06:26.777625"
  },
  "timestamp": "2024-06-27T17:06:36.653415"
}]